{
    "styles": {
        "Regular-No-IF_OWN_ICON_EXISTS": {
            "nodes": {
                "_fun_capacity": [
                    0.0,
                    0.0
                ],
                "_res_mass": [
                    96.73496755446027,
                    42.93869630736624
                ],
                "_fun_capacity/_extrar-capacity": [
                    104.39033127553807,
                    3.0659694854668356
                ],
                "_res_mass/_extraf-mass": [
                    16.65536276740348,
                    46.00466579283308
                ]
            },
            "edges": {
                "_fun_capacity/_extrar-capacity-edge-0": [
                    [
                        49.054754895394204,
                        10.51809045714652
                    ],
                    [
                        59.054754895394204,
                        10.51809045714652
                    ],
                    [
                        76.72254308546614,
                        10.51809045714652
                    ],
                    [
                        76.72254308546614,
                        10.495636243050454
                    ],
                    [
                        94.39033127553807,
                        10.495636243050454
                    ],
                    [
                        104.39033127553807,
                        10.495636243050454
                    ]
                ],
                "_res_mass/_extraf-mass-edge-0": [
                    [
                        35.08469550055778,
                        53.4343325504167
                    ],
                    [
                        45.08469550055778,
                        53.4343325504167
                    ],
                    [
                        67.290543402086,
                        53.4343325504167
                    ],
                    [
                        67.290543402086,
                        53.456786764512756
                    ],
                    [
                        89.49639130361423,
                        53.456786764512756
                    ],
                    [
                        99.49639130361423,
                        53.456786764512756
                    ]
                ]
            }
        },
        "Regular-Yes-IF_OWN_ICON_EXISTS": {
            "nodes": {
                "_fun_capacity": [
                    0.0,
                    0.0
                ],
                "_res_mass": [
                    152.48951467360092,
                    42.9780902091912
                ],
                "_fun_capacity/_extrar-capacity": [
                    188.56760454900612,
                    3.101423377220983
                ],
                "_res_mass/_extraf-mass": [
                    44.51142422599113,
                    46.07951358641218
                ]
            },
            "edges": {
                "_fun_capacity/_extrar-capacity-edge-0": [
                    [
                        104.72809092444695,
                        10.539756793206092
                    ],
                    [
                        114.72809092444695,
                        10.539756793206092
                    ],
                    [
                        146.64784773672653,
                        10.539756793206092
                    ],
                    [
                        146.64784773672653,
                        10.539756793206092
                    ],
                    [
                        178.56760454900612,
                        10.539756793206092
                    ],
                    [
                        188.56760454900612,
                        10.539756793206092
                    ]
                ],
                "_res_mass/_extraf-mass-edge-0": [
                    [
                        62.97809044760978,
                        53.51784700239729
                    ],
                    [
                        72.97809044760979,
                        53.51784700239729
                    ],
                    [
                        109.11451443518234,
                        53.51784700239729
                    ],
                    [
                        109.11451443518234,
                        53.517847002397296
                    ],
                    [
                        145.2509384227549,
                        53.517847002397296
                    ],
                    [
                        155.2509384227549,
                        53.517847002397296
                    ]
                ]
            }
        }
    }
}