{
    "styles": {
        "Regular-No-IF_OWN_ICON_EXISTS": {
            "nodes": {
                "_fun_power": [
                    0.0,
                    0.0
                ],
                "_fun_power/_extrar-power": [
                    93.4029350353037,
                    3.088423699562906
                ],
                "_res_cost": [
                    87.61760140188085,
                    42.947757214730146
                ],
                "_res_cost/_extraf-cost": [
                    11.140089673226235,
                    46.03618091429304
                ],
                "_res_mass": [
                    85.70951207960675,
                    88.98393812902319
                ],
                "_res_mass/_extraf-mass": [
                    11.140089673226235,
                    92.07236182858608
                ],
                "": [
                    0.0,
                    0.0
                ]
            },
            "edges": {
                "_fun_power/_extrar-power-edge-0": [
                    [
                        37.9480883304528,
                        10.51809045714652
                    ],
                    [
                        47.9480883304528,
                        10.51809045714652
                    ],
                    [
                        43.4029350353037,
                        10.51809045714652
                    ],
                    [
                        43.4029350353037,
                        10.51809045714652
                    ],
                    [
                        83.4029350353037,
                        10.51809045714652
                    ],
                    [
                        93.4029350353037,
                        10.518090457146524
                    ]
                ],
                "_res_cost/_extraf-cost-edge-0": [
                    [
                        29.569422406380532,
                        53.46584767187666
                    ],
                    [
                        39.56942240638053,
                        53.46584767187666
                    ],
                    [
                        60.526845301042314,
                        53.46584767187666
                    ],
                    [
                        60.526845301042314,
                        53.46584767187666
                    ],
                    [
                        81.48426819570409,
                        53.46584767187666
                    ],
                    [
                        91.48426819570409,
                        53.46584767187666
                    ]
                ],
                "_res_mass/_extraf-mass-edge-0": [
                    [
                        29.569422406380532,
                        99.5020285861697
                    ],
                    [
                        39.56942240638053,
                        99.5020285861697
                    ],
                    [
                        59.02017911757062,
                        99.5020285861697
                    ],
                    [
                        59.02017911757062,
                        99.5020285861697
                    ],
                    [
                        78.47093582876072,
                        99.5020285861697
                    ],
                    [
                        88.47093582876072,
                        99.5020285861697
                    ]
                ]
            }
        }
    }
}