{
    "styles": {
        "Regular-No-IF_OWN_ICON_EXISTS": {
            "nodes": {
                "_res_power": [
                    501.8134763582858,
                    22.111236207654144
                ],
                "_res_power/_extraf-power": [
                    21.746758145516274,
                    3.0884236995629024
                ],
                "_fun_total_load": [
                    0.0,
                    44.82704191496987
                ],
                "_fun_total_load/_extrar-total_load": [
                    118.06293869741307,
                    46.03618091429304
                ],
                "_fun_velocity": [
                    116.31161167212349,
                    44.82704191496987
                ],
                "_fun_velocity/_extrar-velocity": [
                    118.06293869741307,
                    92.07236182858608
                ],
                "_mult": [
                    298.5860656545667,
                    22.715805707315724
                ],
                "_plus": [
                    106.92284902418679,
                    0.0
                ],
                "_plus1": [
                    382.36643989833294,
                    22.715805707315724
                ],
                "_prod": [
                    223.2544554320281,
                    22.47247241530829
                ],
                "_res_total_load": [
                    109.88494350500929,
                    44.82704191496987
                ],
                "_res_mass": [
                    219.76988701001852,
                    90.25865332960134
                ],
                "_res_mass/_extraf-mass": [
                    403.40615491771297,
                    71.84041032117167
                ],
                "_plus2": [
                    106.92284902418679,
                    90.86322282926292
                ]
            },
            "edges": {
                "_res_power/_extraf-power-edge-0": [
                    [
                        40.17609087867057,
                        10.51809045714652
                    ],
                    [
                        50.17609087867057,
                        10.51809045714652
                    ],
                    [
                        74.93018182600568,
                        10.51809045714652
                    ],
                    [
                        74.93018182600568,
                        10.51809045714652
                    ],
                    [
                        99.6842727733408,
                        10.51809045714652
                    ],
                    [
                        109.6842727733408,
                        10.51809045714652
                    ]
                ],
                "_fun_total_load/_extrar-total_load-edge-0": [
                    [
                        59.161425275032876,
                        53.46584767187666
                    ],
                    [
                        69.16142527503288,
                        53.46584767187666
                    ],
                    [
                        88.61218198622298,
                        53.46584767187666
                    ],
                    [
                        88.61218198622298,
                        53.46584767187666
                    ],
                    [
                        108.06293869741307,
                        53.46584767187666
                    ],
                    [
                        118.06293869741307,
                        53.46584767187666
                    ]
                ],
                "_fun_velocity/_extrar-velocity-edge-0": [
                    [
                        52.73475710791862,
                        99.5020285861697
                    ],
                    [
                        62.73475710791862,
                        99.5020285861697
                    ],
                    [
                        60.062938697413074,
                        99.5020285861697
                    ],
                    [
                        60.062938697413074,
                        99.5020285861697
                    ],
                    [
                        108.06293869741307,
                        99.5020285861697
                    ],
                    [
                        118.06293869741307,
                        99.5020285861697
                    ]
                ],
                "(_fun_total_load:total_load)-(_plus:_op)": [
                    [
                        59.161425275032876,
                        55.34513237211638
                    ],
                    [
                        69.16142527503288,
                        55.34513237211638
                    ],
                    [
                        82.12056427435603,
                        55.34513237211638
                    ],
                    [
                        82.12056427435603,
                        9.913520957484934
                    ],
                    [
                        99.07970327367917,
                        9.913520957484934
                    ],
                    [
                        109.07970327367917,
                        9.913520957484934
                    ]
                ],
                "(_fun_velocity:velocity)-(_prod:velocity)": [
                    [
                        162.61970061292783,
                        55.34513237211638
                    ],
                    [
                        172.61970061292783,
                        55.34513237211638
                    ],
                    [
                        194.01550514722413,
                        55.34513237211638
                    ],
                    [
                        194.01550514722413,
                        35.62932666480067
                    ],
                    [
                        215.41130968152046,
                        35.62932666480067
                    ],
                    [
                        225.41130968152046,
                        35.62932666480067
                    ]
                ],
                "(_mult:_res3)-(_plus1:_op)": [
                    [
                        335.2095856488406,
                        32.62932666480066
                    ],
                    [
                        345.2095856488406,
                        32.62932666480066
                    ],
                    [
                        359.86643989833294,
                        32.62932666480066
                    ],
                    [
                        359.86643989833294,
                        32.62932666480066
                    ],
                    [
                        374.5232941478253,
                        32.62932666480066
                    ],
                    [
                        384.5232941478253,
                        32.62932666480066
                    ]
                ],
                "(_plus:_res)-(_prod:_res)": [
                    [
                        172.6130327605261,
                        9.913520957484934
                    ],
                    [
                        182.6130327605261,
                        9.913520957484934
                    ],
                    [
                        182.6130327605261,
                        9.913520957484934
                    ],
                    [
                        182.6130327605261,
                        29.62932666480067
                    ],
                    [
                        215.41130968152046,
                        29.62932666480067
                    ],
                    [
                        225.41130968152046,
                        29.62932666480067
                    ]
                ],