{
    "styles": {
        "Regular-No-IF_OWN_ICON_EXISTS": {
            "nodes": {
                "_res_power": [
                    106.92284902418683,
                    0.0
                ],
                "_res_power/_extraf-power": [
                    21.746758145516274,
                    3.0884236995629024
                ],
                "_fun_total_load": [
                    0.0,
                    42.94775721473014
                ],
                "_fun_total_load/_extrar-total_load": [
                    118.06293869741307,
                    46.03618091429304
                ]
            },
            "edges": {
                "_res_power/_extraf-power-edge-0": [
                    [
                        40.17609087867057,
                        10.51809045714652
                    ],
                    [
                        50.17609087867057,
                        10.51809045714652
                    ],
                    [
                        74.93018182600568,
                        10.51809045714652
                    ],
                    [
                        74.93018182600568,
                        10.51809045714652
                    ],
                    [
                        99.6842727733408,
                        10.51809045714652
                    ],
                    [
                        109.6842727733408,
                        10.51809045714652
                    ]
                ],
                "_fun_total_load/_extrar-total_load-edge-0": [
                    [
                        59.161425275032876,
                        53.46584767187666
                    ],
                    [
                        69.16142527503288,
                        53.46584767187666
                    ],
                    [
                        88.61218198622298,
                        53.46584767187666
                    ],
                    [
                        88.61218198622298,
                        53.46584767187666
                    ],
                    [
                        108.06293869741307,
                        53.46584767187666
                    ],
                    [
                        118.06293869741307,
                        53.46584767187666
                    ]
                ]
            }
        }
    }
}