{
    "styles": {
        "Regular-No-IF_OWN_ICON_EXISTS": {
            "nodes": {
                "_res_power": [
                    494.84433951426627,
                    22.71580570731573
                ],
                "_res_power/_extraf-power": [
                    21.746758145516274,
                    3.0884236995629024
                ],
                "_fun_total_load": [
                    0.0,
                    0.0
                ],
                "_fun_total_load/_extrar-total_load": [
                    118.06293869741307,
                    46.03618091429304
                ],
                "_fun_velocity": [
                    116.31161167212349,
                    45.43161141463146
                ],
                "_fun_velocity/_extrar-velocity": [
                    118.06293869741307,
                    92.07236182858608
                ],
                "_mult": [
                    291.6169288105474,
                    23.320375206977317
                ],
                "_plus": [
                    106.92284902418679,
                    0.60456949966159
                ],
                "_plus1": [
                    375.3973030543136,
                    23.320375206977317
                ],
                "_prod": [
                    219.7698870100185,
                    23.077041914969872
                ]
            },
            "edges": {
                "_res_power/_extraf-power-edge-0": [
                    [
                        40.17609087867057,
                        10.51809045714652
                    ],
                    [
                        50.17609087867057,
                        10.51809045714652
                    ],
                    [
                        74.93018182600568,
                        10.51809045714652
                    ],
                    [
                        74.93018182600568,
                        10.51809045714652
                    ],
                    [
                        99.6842727733408,
                        10.51809045714652
                    ],
                    [
                        109.6842727733408,
                        10.51809045714652
                    ]
                ],
                "_fun_total_load/_extrar-total_load-edge-0": [
                    [
                        59.161425275032876,
                        53.46584767187666
                    ],
                    [
                        69.16142527503288,
                        53.46584767187666
                    ],
                    [
                        88.61218198622298,
                        53.46584767187666
                    ],
                    [
                        88.61218198622298,
                        53.46584767187666
                    ],
                    [
                        108.06293869741307,
                        53.46584767187666
                    ],
                    [
                        118.06293869741307,
                        53.46584767187666
                    ]
                ],
                "_fun_velocity/_extrar-velocity-edge-0": [
                    [
                        52.73475710791862,
                        99.5020285861697
                    ],
                    [
                        62.73475710791862,
                        99.5020285861697
                    ],
                    [
                        60.062938697413074,
                        99.5020285861697
                    ],
                    [
                        60.062938697413074,
                        99.5020285861697
                    ],
                    [
                        108.06293869741307,
                        99.5020285861697
                    ],
                    [
                        118.06293869741307,
                        99.5020285861697
                    ]
                ],
                "(_fun_total_load:total_load)-(_plus:_op)": [
                    [
                        59.161425275032876,
                        10.51809045714652
                    ],
                    [
                        69.16142527503288,
                        10.51809045714652
                    ],
                    [
                        84.12056427435603,
                        10.51809045714652
                    ],
                    [
                        84.12056427435603,
                        10.518090457146524
                    ],
                    [
                        99.07970327367917,
                        10.518090457146524
                    ],
                    [
                        109.07970327367917,
                        10.518090457146524
                    ]
                ],
                "(_fun_velocity:velocity)-(_prod:velocity)": [
                    [
                        162.61970061292783,
                        55.949701871777975
                    ],
                    [
                        172.61970061292783,
                        55.949701871777975
                    ],
                    [
                        192.27322093621933,
                        55.949701871777975
                    ],
                    [
                        192.27322093621933,
                        36.23389616446225
                    ],
                    [
                        211.92674125951086,
                        36.23389616446225
                    ],
                    [
                        221.92674125951086,
                        36.23389616446225
                    ]
                ],
                "(_mult:_res3)-(_plus1:_op)": [
                    [
                        328.24044880482126,
                        33.23389616446225
                    ],
                    [
                        338.24044880482126,
                        33.23389616446225
                    ],
                    [
                        352.8973030543136,
                        33.23389616446225
                    ],
                    [
                        352.8973030543136,
                        33.23389616446225
                    ],
                    [
                        367.554157303806,
                        33.23389616446225
                    ],
                    [
                        377.554157303806,
                        33.23389616446225
                    ]
                ],
                "(_plus:_res)-(_prod:_res)": [
                    [
                        172.6130327605261,
                        10.518090457146524
                    ],
                    [
                        182.6130327605261,
                        10.518090457146524
                    ],
                    [
                        182.6130327605261,
                        10.518090457146524
                    ],
                    [
                        182.6130327605261,
                        30.23389616446225
                    ],
                    [
                        211.92674125951086,
                        30.23389616446225
                    ],
                    [
                        221.92674125951086,
                        30.23389616446225
                    ]
                ],