{
    "styles": {
        "Regular-No-IF_OWN_ICON_EXISTS": {
            "nodes": {
                "_fun_power": [
                    0.0,
                    0.0
                ],
                "_fun_power/_extrar-power": [
                    107.4963941646372,
                    3.0659694854668205
                ],
                "_res_total_cost": [
                    86.78042539442609,
                    42.93869630736624
                ],
                "_res_total_cost/_extraf-total_cost": [
                    11.12506071967399,
                    46.00466579283308
                ],
                "_res_batt_mass": [
                    174.35170845166894,
                    90.800192586343
                ],
                "_res_batt_mass/_extraf-batt_mass": [
                    11.12506071967399,
                    46.00466579283308
                ],
                "_res_batte_cost": [
                    85.67436345900128,
                    88.94336210019932
                ],
                "_res_batte_cost/_extraf-batte_cost": [
                    11.12506071967399,
                    92.00933158566616
                ],
                "_res_batt_cost": [
                    177.35170845166894,
                    44.795526793509914
                ],
                "_res_batt_cost/_extraf-batt_cost": [
                    11.12506071967399,
                    92.00933158566616
                ],
                "_lim": [
                    181.60779236230314,
                    136.8048583791761
                ],
                "_lim/_extraf-_l": [
                    95.8160659693732,
                    139.26625836498135
                ],
                "_c": [
                    88.15921243513654,
                    45.400096293171494
                ],
                "_m": [
                    85.67436345900128,
                    91.4047620860046
                ],
                "_p": [
                    88.15921243513654,
                    0.60456949966159
                ],
                "_c/_extraf-c": [
                    11.12506071967399,
                    47.86149627897675
                ],
                "_m/_extraf-m": [
                    11.12506071967399,
                    93.86616207180984
                ],
                "_p/_extrar-p": [
                    196.17373915730485,
                    3.0659694854668276
                ],
                "_pow": [
                    85.67436345900128,
                    91.40476208600458
                ],
                "_pow/_extraf-_result": [
                    11.12506071967399,
                    93.86616207180984
                ]
            },
            "edges": {
                "_fun_power/_extrar-power-edge-0": [
                    [
                        37.91293970984733,
                        10.50233289641654
                    ],
                    [
                        47.91293970984733,
                        10.50233289641654
                    ],
                    [
                        41.496394164637195,
                        10.50233289641654
                    ],
                    [
                        41.496394164637195,
                        10.50233289641654
                    ],
                    [
                        97.4963941646372,
                        10.50233289641654
                    ],
                    [
                        107.4963941646372,
                        10.502332896416528
                    ]
                ],
                "_res_total_cost/_extraf-total_cost-edge-0": [
                    [
                        29.54930273932731,
                        53.44102920378279
                    ],
                    [
                        39.54930273932731,
                        53.44102920378279
                    ],
                    [
                        59.54557594145368,
                        53.44102920378279
                    ],
                    [
                        59.54557594145368,
                        53.441029203782776
                    ],
                    [
                        79.54184914358005,
                        53.441029203782776
                    ],
                    [
                        89.54184914358005,
                        53.441029203782776
                    ]
                ],
                "_res_batt_mass/_extraf-batt_mass-edge-0": [
                    [
                        29.54930273932731,
                        53.44102920378279
                    ],
                    [
                        39.54930273932731,
                        53.44102920378279
                    ],
                    [
                        58.992544973741275,
                        53.44102920378279
                    ],
                    [
                        58.992544973741275,
                        53.44102920378279
                    ],
                    [
                        78.43578720815525,
                        53.44102920378279
                    ],
                    [
                        88.43578720815525,
                        53.44102920378279
                    ]
                ],
                "_res_batte_cost/_extraf-batte_cost-edge-0": [
                    [
                        29.54930273932731,
                        99.44569499661587
                    ],
                    [
                        39.54930273932731,
                        99.44569499661587
                    ],
                    [
                        58.992544973741275,
                        99.44569499661587
                    ],
                    [
                        58.992544973741275,
                        99.44569499661586
                    ],
                    [
                        78.43578720815525,
                        99.44569499661586
                    ],
                    [
                        88.43578720815525,
                        99.44569499661586
                    ]
                ],
                "_res_batt_cost/_extraf-batt_cost-edge-0": [
                    [
                        29.54930273932731,
                        99.44569499661587
                    ],
                    [
                        39.54930273932731,
                        99.44569499661587
                    ],
                    [
                        60.492544973741275,
                        99.44569499661587
                    ],
                    [
                        60.492544973741275,
                        99.44569499661586
                    ],
                    [
                        81.43578720815525,
                        99.44569499661586
                    ],
                    [
                        91.43578720815525,
                        99.44569499661586
                    ]
                ],
                "_lim/_extraf-_l-edge-0": [
                    [
                        114.24030798902652,
                        146.70262177593105
                    ],
                    [
                        124.24030798902652,
                        146.70262177593105
                    ],
                    [
                        149.00247730041102,
                        146.70262177593105
                    ],
                    [
                        149.00247730041102,
                        146.70262177593105
                    ],
                    [
                        173.7646466117955,
                        146.70262177593105
                    ],
                    [
                        183.7646466117955,
                        146.70262177593105
                    ]
                ],