{
    "styles": {
        "Regular-No-IF_OWN_ICON_EXISTS": {
            "nodes": {
                "_fun_total_load": [
                    0.0,
                    0.0
                ],
                "_fun_velocity": [
                    116.17585517950874,
                    0.0
                ],
                "_res_power": [
                    219.50322250501364,
                    42.93869630736624
                ],
                "_res_total_mass": [
                    226.07898239270898,
                    90.19562308668142
                ],
                "_mult": [
                    291.3623855061041,
                    23.304617646247337
                ],
                "_plus": [
                    106.82587941969466,
                    0.6045694996615865
                ],
                "_plus1": [
                    375.0700325465012,
                    23.304617646247337
                ],
                "_plus2": [
                    106.82587941969466,
                    90.800192586343
                ],
                "_prod": [
                    219.50322250501364,
                    23.04552679350991
                ],
                "_plus2/_extrar-_res5": [
                    230.29644288342755,
                    93.26159257214825
                ],
                "_fun_velocity/_extrar-velocity": [
                    117.95094013936864,
                    3.0659694854668276
                ],
                "_res_power/_extraf-power": [
                    131.4524299525275,
                    46.00466579283308
                ],
                "_fun_total_load/_extrar-total_load": [
                    117.95094013936864,
                    49.07063527829992
                ],
                "_mult/_extrar-_res3": [
                    386.1950932661752,
                    25.76601763205259
                ],
                "_plus/_extrar-_res": [
                    230.6282832246876,
                    3.0659694854668347
                ]
            },
            "edges": {
                "(_fun_total_load:total_load)-(_plus:_op)": [
                    [
                        59.06445567054069,
                        10.50233289641654
                    ],
                    [
                        69.0644556705407,
                        10.50233289641654
                    ],
                    [
                        84.02359466986387,
                        10.50233289641654
                    ],
                    [
                        84.02359466986387,
                        10.50233289641654
                    ],
                    [
                        98.98273366918704,
                        10.50233289641654
                    ],
                    [
                        108.98273366918704,
                        10.50233289641654
                    ]
                ],
                "(_fun_total_load:total_load)-(_plus2:_op)": [
                    [
                        59.06445567054069,
                        55.29785968992644
                    ],
                    [
                        69.0644556705407,
                        55.29785968992644
                    ],
                    [
                        86.02359466986387,
                        55.29785968992644
                    ],
                    [
                        86.02359466986387,
                        100.69795598309796
                    ],
                    [
                        98.98273366918704,
                        100.69795598309796
                    ],
                    [
                        108.98273366918704,
                        100.69795598309796
                    ]
                ],
                "(_fun_velocity:velocity)-(_prod:velocity)": [
                    [
                        162.3918229960455,
                        10.50233289641654
                    ],
                    [
                        172.3918229960455,
                        10.50233289641654
                    ],
                    [
                        192.02594987527576,
                        10.50233289641654
                    ],
                    [
                        192.02594987527576,
                        30.20238104300229
                    ],
                    [
                        211.660076754506,
                        30.20238104300229
                    ],
                    [
                        221.660076754506,
                        30.20238104300229
                    ]
                ],
                "(_mult:_res3)-(_plus1:_op)": [
                    [
                        327.9131782970088,
                        33.20238104300229
                    ],
                    [
                        337.9131782970088,
                        33.20238104300229
                    ],
                    [
                        352.5700325465012,
                        33.20238104300229
                    ],
                    [
                        352.5700325465012,
                        33.20238104300229
                    ],
                    [
                        367.22688679599355,
                        33.20238104300229
                    ],
                    [
                        377.22688679599355,
                        33.20238104300229
                    ]
                ],
                "(_plus:_res)-(_prod:_res)": [
                    [
                        172.3463682555212,
                        55.902429189588034
                    ],
                    [
                        182.3463682555212,
                        55.902429189588034
                    ],
                    [
                        182.3463682555212,
                        55.902429189588034
                    ],
                    [
                        182.3463682555212,
                        36.20238104300229
                    ],
                    [
                        211.660076754506,
                        36.20238104300229
                    ],
                    [
                        221.660076754506,
                        36.20238104300229
                    ]
                ],
                "(_plus1:_res4)-(_res_power:power)": [
                    [
                        440.5905213823278,
                        33.20238104300229
                    ],
                    [
                        450.5905213823278,
                        33.20238104300229
                    ],
                    [
                        465.54966038165094,
                        33.20238104300229
                    ],
                    [
                        465.54966038165094,
                        33.20238104300229
                    ],
                    [
                        480.5087993809741,
                        33.20238104300229
                    ],
                    [
                        490.5087993809741,
                        33.20238104300229
                    ]
                ],