{
    "styles": {
        "Regular-No-IF_OWN_ICON_EXISTS": {
            "nodes": {
                "_fun_total_load": [
                    0.0,
                    44.79552679350991
                ],
                "_fun_velocity": [
                    119.46373512335646,
                    44.79552679350991
                ],
                "_res_power": [
                    494.32313551951563,
                    22.095478646924157
                ],
                "_res_total_mass": [
                    226.07898239270898,
                    90.19562308668142
                ],
                "_mult": [
                    297.93814539379946,
                    22.70004814658575
                ],
                "_plus": [
                    106.82587941969466,
                    0.0
                ],
                "_plus1": [
                    381.64579243419655,
                    22.70004814658575
                ],
                "_plus2": [
                    106.82587941969466,
                    90.800192586343
                ],
                "_prod": [
                    226.07898239270898,
                    22.440957293848317
                ],
                "_plus2/_extrar-_res5": [
                    230.29644288342755,
                    93.26159257214825
                ]
            },
            "edges": {
                "(_fun_total_load:total_load)-(_plus:_op)": [
                    [
                        59.06445567054069,
                        55.29785968992644
                    ],
                    [
                        69.0644556705407,
                        55.29785968992644
                    ],
                    [
                        82.02359466986387,
                        55.29785968992644
                    ],
                    [
                        82.02359466986387,
                        9.897763396754954
                    ],
                    [
                        98.98273366918704,
                        9.897763396754954
                    ],
                    [
                        108.98273366918704,
                        9.897763396754954
                    ]
                ],
                "(_fun_total_load:total_load)-(_plus2:_op)": [
                    [
                        59.06445567054069,
                        55.29785968992644
                    ],
                    [
                        69.0644556705407,
                        55.29785968992644
                    ],
                    [
                        86.02359466986387,
                        55.29785968992644
                    ],
                    [
                        86.02359466986387,
                        100.69795598309796
                    ],
                    [
                        98.98273366918704,
                        100.69795598309796
                    ],
                    [
                        108.98273366918704,
                        100.69795598309796
                    ]
                ],
                "(_fun_velocity:velocity)-(_prod:velocity)": [
                    [
                        165.67970293989322,
                        55.29785968992644
                    ],
                    [
                        175.67970293989322,
                        55.29785968992644
                    ],
                    [
                        175.67970293989322,
                        55.29785968992644
                    ],
                    [
                        175.67970293989322,
                        35.5978115433407
                    ],
                    [
                        218.23583664220135,
                        35.5978115433407
                    ],
                    [
                        228.23583664220135,
                        35.5978115433407
                    ]
                ],
                "(_mult:_res3)-(_plus1:_op)": [
                    [
                        334.4889381847042,
                        32.59781154334071
                    ],
                    [
                        344.4889381847042,
                        32.59781154334071
                    ],
                    [
                        359.14579243419655,
                        32.59781154334071
                    ],
                    [
                        359.14579243419655,
                        32.59781154334071
                    ],
                    [
                        373.8026466836889,
                        32.59781154334071
                    ],
                    [
                        383.8026466836889,
                        32.59781154334071
                    ]
                ],
                "(_plus:_res)-(_prod:_res)": [
                    [
                        178.92212814321658,
                        9.897763396754954
                    ],
                    [
                        188.92212814321658,
                        9.897763396754954
                    ],
                    [
                        203.57898239270895,
                        9.897763396754954
                    ],
                    [
                        203.57898239270895,
                        29.597811543340697
                    ],
                    [
                        218.23583664220135,
                        29.597811543340697
                    ],
                    [
                        228.23583664220135,
                        29.597811543340697
                    ]
                ],
                "(_plus1:_res4)-(_res_power:power)": [
                    [
                        447.16628127002315,
                        32.59781154334071
                    ],
                    [
                        457.16628127002315,
                        32.59781154334071
                    ],
                    [
                        472.12542026934636,
                        32.59781154334071
                    ],
                    [
                        472.12542026934636,
                        32.5978115433407
                    ],
                    [
                        487.0845592686696,
                        32.5978115433407
                    ],
                    [
                        497.0845592686696,
                        32.5978115433407
                    ]
                ],
                "(_plus2:_res5)-(_res_total_mass:total_mass)": [
                    [
                        178.92212814321664,
                        100.69795598309796
                    ],
                    [
                        188.92212814321664,
                        100.69795598309796
                    ],
                    [
                        203.8812671425398,
                        100.69795598309796
                    ],
                    [
                        203.8812671425398,
                        100.69795598309796
                    ],
                    [
                        218.84040614186296,
                        100.69795598309796
                    ],
                    [
                        228.84040614186296,
                        100.69795598309796
                    ]
                ],