{
    "styles": {
        "Regular-No-IF_OWN_ICON_EXISTS": {
            "nodes": {
                "_fun_extra_payload": [
                    261.88350436567305,
                    100.07047833698
                ],
                "_fun_velocity": [
                    95.39543240768703,
                    190.34782342501506
                ],
                "_res_cost_and_mass": [
                    400.9078442997442,
                    143.00917464434625
                ],
                "battery_dp": [
                    67.87878799438474,
                    90.27734508803505
                ],
                "chassis_dp": [
                    63.424242019653306,
                    0.0
                ],
                "_fun_extra_payload/_extrar-extra_payload": [
                    419.7298750053801,
                    103.13644782244684
                ],
                "_res_cost_and_mass/_extraf-cost_and_mass": [
                    294.69038309376987,
                    146.07514412981308
                ],
                "battery_dp/_extrar-batt_cost": [
                    240.16604506704738,
                    111.02510910467831
                ],
                "battery_dp/_extrar-batt_mass": [
                    240.16604506704738,
                    150.89783592657773
                ],
                "chassis_dp/_extraf-total_load": [
                    0.0,
                    60.62049083854268
                ],
                "_res_batt_cost": [
                    221.3440143614115,
                    233.2865197323813
                ],
                "_res_batt_cost/_extraf-batt_cost": [
                    110.67200718070575,
                    236.35248921784813
                ],
                "_fun_total_load": [
                    272.9895643937492,
                    143.43191396780833
                ],
                "_fun_total_load/_extrar-total_load": [
                    419.72987500538005,
                    146.49788345327516
                ],
                "battery_dp/_extraf-power": [
                    0.0,
                    130.961472515628
                ],
                "chassis_dp/_extrar-power": [
                    240.16604506704738,
                    40.684127427592955
                ],
                "_fun_velocity/_extrar-velocity": [
                    240.16604506704738,
                    193.4137929104819
                ],
                "chassis_dp/_extraf-velocity": [
                    0.0,
                    20.74776401664323
                ]
            },
            "edges": {
                "(_fun_velocity:velocity)-(chassis_dp:velocity)": [
                    [
                        46.21596781653678,
                        26.651142684859543
                    ],
                    [
                        56.21596781653678,
                        26.651142684859543
                    ],
                    [
                        71.17510681585993,
                        26.651142684859543
                    ],
                    [
                        71.17510681585993,
                        40.62049083854267
                    ],
                    [
                        86.13424581518308,
                        40.62049083854267
                    ],
                    [
                        96.13424581518308,
                        40.62049083854267
                    ]
                ],
                "(chassis_dp:power)-(battery_dp:power)": [
                    [
                        204.74030965795652,
                        48.12049083854267
                    ],
                    [
                        214.74030965795652,
                        48.12049083854267
                    ],
                    [
                        212.0540181569413,
                        48.12049083854267
                    ],
                    [
                        212.0540181569413,
                        48.12049083854267
                    ],
                    [
                        244.0540181569413,
                        48.12049083854267
                    ],
                    [
                        254.0540181569413,
                        48.12049083854267
                    ]
                ],
                "_fun_extra_payload/_extrar-extra_payload-edge-0": [
                    [
                        343.16008009236606,
                        110.57281123339654
                    ],
                    [
                        353.16008009236606,
                        110.57281123339654
                    ],
                    [
                        381.4449775488731,
                        110.57281123339654
                    ],
                    [
                        381.4449775488731,
                        110.57281123339655
                    ],
                    [
                        409.7298750053801,
                        110.57281123339655
                    ],
                    [
                        419.7298750053801,
                        110.57281123339655
                    ]
                ],
                "_res_cost_and_mass/_extraf-cost_and_mass-edge-0": [
                    [
                        313.1146251134232,
                        153.51150754076278
                    ],
                    [
                        323.1146251134232,
                        153.51150754076278
                    ],
                    [
                        358.3919465811607,
                        153.51150754076278
                    ],
                    [
                        358.3919465811607,
                        153.5115075407628
                    ],
                    [
                        393.6692680488982,
                        153.5115075407628
                    ],
                    [
                        403.6692680488982,
                        153.5115075407628
                    ]
                ],
                "battery_dp/_extrar-batt_cost-edge-0": [
                    [
                        169.73261413718768,
                        130.89783592657773
                    ],
                    [
                        179.73261413718768,
                        130.89783592657773
                    ],
                    [
                        204.94932960211753,
                        130.89783592657773
                    ],
                    [
                        204.94932960211753,
                        118.46147251562802
                    ],
                    [
                        230.16604506704738,
                        118.46147251562802
                    ],
                    [
                        240.16604506704738,
                        118.46147251562802
                    ]
                ],
                "battery_dp/_extrar-batt_mass-edge-0": [
                    [
                        169.73261413718768,
                        145.89783592657773
                    ],
                    [
                        179.73261413718768,
                        145.89783592657773
                    ],
                    [
                        204.94932960211753,
                        145.89783592657773
                    ],
                    [
                        204.94932960211753,
                        158.33419933752742
                    ],
                    [
                        230.16604506704738,
                        158.33419933752742
                    ],
                    [
                        240.16604506704738,
                        158.33419933752742
                    ]
                ],