{
    "styles": {
        "Regular-No-IF_OWN_ICON_EXISTS": {
            "nodes": {
                "_fun_extra_payload": [
                    261.88350436567305,
                    100.07047833698
                ],
                "_fun_velocity": [
                    -45.10003662109375,
                    33.01818235618864
                ],
                "_res_cost_and_mass": [
                    400.9078442997442,
                    143.00917464434625
                ],
                "battery_dp": [
                    256.84723714963644,
                    -13.75
                ],
                "chassis_dp": [
                    71.9773915656907,
                    -14.2999267578125
                ],
                "_fun_extra_payload/_extrar-extra_payload": [
                    419.7298750053801,
                    103.13644782244684
                ],
                "_res_cost_and_mass/_extraf-cost_and_mass": [
                    294.69038309376987,
                    146.07514412981308
                ],
                "battery_dp/_extrar-batt_cost": [
                    419.72987500538005,
                    48.18412742759297
                ],
                "battery_dp/_extrar-batt_mass": [
                    270.7191946130848,
                    150.89783592657773
                ],
                "chassis_dp/_extraf-total_load": [
                    15.276574773018723,
                    62.15347558127607
                ],
                "_res_batt_cost": [
                    410.80774664349417,
                    -9.23863660446304
                ],
                "_res_batt_cost/_extraf-batt_cost": [
                    294.69038309376987,
                    125.27734508803505
                ],
                "_fun_total_load": [
                    272.9895643937492,
                    143.43191396780833
                ],
                "_fun_total_load/_extrar-total_load": [
                    419.72987500538005,
                    146.49788345327516
                ],
                "battery_dp/_extraf-power": [
                    0.0,
                    40.68412742759296
                ],
                "chassis_dp/_extrar-power": [
                    389.17672545934266,
                    40.684127427592955
                ],
                "_fun_velocity/_extrar-velocity": [
                    240.16604506704738,
                    193.4137929104819
                ],
                "chassis_dp/_extraf-velocity": [
                    0.0,
                    20.74776401664323
                ],
                "(battery_dp:batt_mass)-(chassis_dp:total_load)": [
                    78.13424581518308,
                    40.12049083854267
                ]
            },
            "edges": {
                "(_fun_velocity:velocity)-(chassis_dp:velocity)": [
                    [
                        1.1159311954430322,
                        43.52051525260518
                    ],
                    [
                        11.115931195443032,
                        43.52051525260518
                    ],
                    [
                        37.62508850531306,
                        43.52051525260518
                    ],
                    [
                        37.62508850531306,
                        41.320564080730165
                    ],
                    [
                        64.13424581518308,
                        41.320564080730165
                    ],
                    [
                        74.13424581518308,
                        41.320564080730165
                    ]
                ],
                "(chassis_dp:power)-(battery_dp:power)": [
                    [
                        182.74030965795652,
                        33.82056408073017
                    ],
                    [
                        192.74030965795652,
                        33.82056408073017
                    ],
                    [
                        220.87220052854266,
                        33.82056408073017
                    ],
                    [
                        220.87220052854266,
                        34.37049083854267
                    ],
                    [
                        249.0040913991288,
                        34.37049083854267
                    ],
                    [
                        259.0040913991288,
                        34.37049083854267
                    ]
                ],
                "_fun_extra_payload/_extrar-extra_payload-edge-0": [
                    [
                        343.16008009236606,
                        110.57281123339654
                    ],
                    [
                        353.16008009236606,
                        110.57281123339654
                    ],
                    [
                        381.4449775488731,
                        110.57281123339654
                    ],
                    [
                        381.4449775488731,
                        110.57281123339655
                    ],
                    [
                        409.7298750053801,
                        110.57281123339655
                    ],
                    [
                        419.7298750053801,
                        110.57281123339655
                    ]
                ],
                "_res_cost_and_mass/_extraf-cost_and_mass-edge-0": [
                    [
                        313.1146251134232,
                        153.51150754076278
                    ],
                    [
                        323.1146251134232,
                        153.51150754076278
                    ],
                    [
                        358.3919465811607,
                        153.51150754076278
                    ],
                    [
                        358.3919465811607,
                        153.5115075407628
                    ],
                    [
                        393.6692680488982,
                        153.5115075407628
                    ],
                    [
                        403.6692680488982,
                        153.5115075407628
                    ]
                ],
                "battery_dp/_extrar-batt_cost-edge-0": [
                    [
                        358.70106329243936,
                        41.870490838542665
                    ],
                    [
                        368.70106329243936,
                        41.870490838542665
                    ],
                    [
                        389.21546914890973,
                        41.870490838542665
                    ],
                    [
                        389.21546914890973,
                        55.62049083854268
                    ],
                    [
                        409.72987500538005,
                        55.62049083854268
                    ],
                    [
                        419.72987500538005,
                        55.62049083854268
                    ]
                ],