{
    "styles": {
        "Regular-No-IF_OWN_ICON_EXISTS": {
            "nodes": {
                "_fun_extra_payload": [
                    261.88350436567305,
                    100.07047833698
                ],
                "_fun_velocity": [
                    0.0,
                    16.148809788443003
                ],
                "_res_cost_and_mass": [
                    400.9078442997442,
                    143.00917464434625
                ],
                "battery_dp": [
                    98.43193754042217,
                    90.27734508803505
                ],
                "chassis_dp": [
                    93.97739156569072,
                    0.0
                ],
                "_fun_extra_payload/_extrar-extra_payload": [
                    419.7298750053801,
                    103.13644782244684
                ],
                "_res_cost_and_mass/_extraf-cost_and_mass": [
                    294.69038309376987,
                    146.07514412981308
                ],
                "battery_dp/_extrar-batt_cost": [
                    270.7191946130848,
                    111.02510910467831
                ],
                "battery_dp/_extrar-batt_mass": [
                    270.7191946130848,
                    150.89783592657773
                ],
                "chassis_dp/_extraf-total_load": [
                    15.276574773018723,
                    62.15347558127607
                ],
                "_res_batt_cost": [
                    251.89716390744897,
                    190.77056274847715
                ],
                "_res_batt_cost/_extraf-batt_cost": [
                    141.22515672674317,
                    193.83653223394398
                ],
                "_fun_total_load": [
                    272.9895643937492,
                    143.43191396780833
                ],
                "_fun_total_load/_extrar-total_load": [
                    419.72987500538005,
                    146.49788345327516
                ],
                "battery_dp/_extraf-power": [
                    15.276574773018723,
                    130.961472515628
                ],
                "chassis_dp/_extrar-power": [
                    270.7191946130848,
                    40.684127427592955
                ],
                "_fun_velocity/_extrar-velocity": [
                    240.16604506704738,
                    193.4137929104819
                ],
                "chassis_dp/_extraf-velocity": [
                    0.0,
                    20.74776401664323
                ]
            },
            "edges": {
                "(_fun_velocity:velocity)-(chassis_dp:velocity)": [
                    [
                        46.21596781653678,
                        26.651142684859543
                    ],
                    [
                        56.21596781653678,
                        26.651142684859543
                    ],
                    [
                        71.17510681585995,
                        26.651142684859543
                    ],
                    [
                        71.17510681585995,
                        40.62049083854267
                    ],
                    [
                        86.1342458151831,
                        40.62049083854267
                    ],
                    [
                        96.1342458151831,
                        40.62049083854267
                    ]
                ],
                "(chassis_dp:power)-(battery_dp:power)": [
                    [
                        204.74030965795652,
                        48.12049083854267
                    ],
                    [
                        214.74030965795652,
                        48.12049083854267
                    ],
                    [
                        212.0540181569413,
                        48.12049083854267
                    ],
                    [
                        212.0540181569413,
                        48.12049083854267
                    ],
                    [
                        244.0540181569413,
                        48.12049083854267
                    ],
                    [
                        254.0540181569413,
                        48.12049083854267
                    ]
                ],
                "_fun_extra_payload/_extrar-extra_payload-edge-0": [
                    [
                        343.16008009236606,
                        110.57281123339654
                    ],
                    [
                        353.16008009236606,
                        110.57281123339654
                    ],
                    [
                        381.4449775488731,
                        110.57281123339654
                    ],
                    [
                        381.4449775488731,
                        110.57281123339655
                    ],
                    [
                        409.7298750053801,
                        110.57281123339655
                    ],
                    [
                        419.7298750053801,
                        110.57281123339655
                    ]
                ],
                "_res_cost_and_mass/_extraf-cost_and_mass-edge-0": [
                    [
                        313.1146251134232,
                        153.51150754076278
                    ],
                    [
                        323.1146251134232,
                        153.51150754076278
                    ],
                    [
                        358.3919465811607,
                        153.51150754076278
                    ],
                    [
                        358.3919465811607,
                        153.5115075407628
                    ],
                    [
                        393.6692680488982,
                        153.5115075407628
                    ],
                    [
                        403.6692680488982,
                        153.5115075407628
                    ]
                ],
                "battery_dp/_extrar-batt_cost-edge-0": [
                    [
                        200.2857636832251,
                        130.89783592657773
                    ],
                    [
                        210.2857636832251,
                        130.89783592657773
                    ],
                    [
                        235.50247914815498,
                        130.89783592657773
                    ],
                    [
                        235.50247914815498,
                        118.46147251562802
                    ],
                    [
                        260.7191946130848,
                        118.46147251562802
                    ],
                    [
                        270.7191946130848,
                        118.46147251562802
                    ]
                ],
                "battery_dp/_extrar-batt_mass-edge-0": [
                    [
                        200.2857636832251,
                        145.89783592657773
                    ],
                    [
                        210.2857636832251,
                        145.89783592657773
                    ],
                    [
                        235.50247914815498,
                        145.89783592657773
                    ],
                    [
                        235.50247914815498,
                        158.33419933752742
                    ],
                    [
                        260.7191946130848,
                        158.33419933752742
                    ],
                    [
                        270.7191946130848,
                        158.33419933752742
                    ]
                ],