{
    "styles": {
        "Regular-No-IF_OWN_ICON_EXISTS": {
            "nodes": {
                "_fun_extra_payload": [
                    261.88350436567305,
                    100.07047833698
                ],
                "_fun_velocity": [
                    90.94088643295558,
                    90.27734508803505
                ],
                "_res_cost_and_mass": [
                    400.9078442997442,
                    143.00917464434625
                ],
                "battery_dp": [
                    63.424242019653306,
                    0.0
                ],
                "chassis_dp": [
                    212.4349224119486,
                    0.0
                ],
                "_fun_extra_payload/_extrar-extra_payload": [
                    419.7298750053801,
                    103.13644782244684
                ],
                "_res_cost_and_mass/_extraf-cost_and_mass": [
                    294.69038309376987,
                    146.07514412981308
                ],
                "battery_dp/_extrar-batt_cost": [
                    259.68268757300103,
                    90.27734508803505
                ],
                "battery_dp/_extrar-batt_mass": [
                    270.7191946130848,
                    150.89783592657773
                ],
                "chassis_dp/_extraf-total_load": [
                    15.276574773018723,
                    62.15347558127607
                ],
                "_res_batt_cost": [
                    370.3546947537068,
                    127.08410242446763
                ],
                "_res_batt_cost/_extraf-batt_cost": [
                    259.68268757300103,
                    130.15007190993447
                ],
                "_fun_total_load": [
                    272.9895643937492,
                    143.43191396780833
                ],
                "_fun_total_load/_extrar-total_load": [
                    419.72987500538005,
                    146.49788345327516
                ],
                "battery_dp/_extraf-power": [
                    0.0,
                    40.68412742759296
                ],
                "chassis_dp/_extrar-power": [
                    389.17672545934266,
                    40.684127427592955
                ],
                "_fun_velocity/_extrar-velocity": [
                    240.16604506704738,
                    193.4137929104819
                ],
                "chassis_dp/_extraf-velocity": [
                    0.0,
                    20.74776401664323
                ]
            },
            "edges": {
                "(_fun_velocity:velocity)-(chassis_dp:velocity)": [
                    [
                        137.15685424949237,
                        100.77967798445158
                    ],
                    [
                        147.15685424949237,
                        100.77967798445158
                    ],
                    [
                        148.0,
                        100.77967798445158
                    ],
                    [
                        148.0,
                        100.77967798445158
                    ],
                    [
                        180.0,
                        100.77967798445158
                    ],
                    [
                        180.0,
                        55.62049083854267
                    ],
                    [
                        204.59177666144097,
                        55.62049083854267
                    ],
                    [
                        214.59177666144097,
                        55.62049083854267
                    ]
                ],
                "(chassis_dp:power)-(battery_dp:power)": [
                    [
                        204.74030965795652,
                        48.12049083854267
                    ],
                    [
                        214.74030965795652,
                        48.12049083854267
                    ],
                    [
                        212.0540181569413,
                        48.12049083854267
                    ],
                    [
                        212.0540181569413,
                        48.12049083854267
                    ],
                    [
                        244.0540181569413,
                        48.12049083854267
                    ],
                    [
                        254.0540181569413,
                        48.12049083854267
                    ]
                ],
                "_fun_extra_payload/_extrar-extra_payload-edge-0": [
                    [
                        343.16008009236606,
                        110.57281123339654
                    ],
                    [
                        353.16008009236606,
                        110.57281123339654
                    ],
                    [
                        381.4449775488731,
                        110.57281123339654
                    ],
                    [
                        381.4449775488731,
                        110.57281123339655
                    ],
                    [
                        409.7298750053801,
                        110.57281123339655
                    ],
                    [
                        419.7298750053801,
                        110.57281123339655
                    ]
                ],
                "_res_cost_and_mass/_extraf-cost_and_mass-edge-0": [
                    [
                        313.1146251134232,
                        153.51150754076278
                    ],
                    [
                        323.1146251134232,
                        153.51150754076278
                    ],
                    [
                        358.3919465811607,
                        153.51150754076278
                    ],
                    [
                        358.3919465811607,
                        153.5115075407628
                    ],
                    [
                        393.6692680488982,
                        153.5115075407628
                    ],
                    [
                        403.6692680488982,
                        153.5115075407628
                    ]
                ],
                "battery_dp/_extrar-batt_cost-edge-0": [
                    [
                        165.27806816245624,
                        55.62049083854267
                    ],
                    [
                        175.27806816245624,
                        55.62049083854267
                    ],
                    [
                        175.27806816245624,
                        55.62049083854267
                    ],
                    [
                        175.27806816245624,
                        97.71370849898476
                    ],
                    [
                        249.68268757300103,
                        97.71370849898476
                    ],
                    [
                        259.68268757300103,
                        97.71370849898476
                    ]
                ],