{
    "styles": {
        "Regular-No-IF_OWN_ICON_EXISTS": {
            "nodes": {
                "_fun_extra_payload": [
                    261.88350436567305,
                    100.07047833698
                ],
                "_fun_velocity": [
                    -50.60003662109375,
                    51.16814573509489
                ],
                "_res_cost_and_mass": [
                    400.9078442997442,
                    143.00917464434625
                ],
                "battery_dp": [
                    261.79718832151144,
                    -6.5999755859375
                ],
                "chassis_dp": [
                    69.77744039381574,
                    4.95001220703125
                ],
                "_fun_extra_payload/_extrar-extra_payload": [
                    419.7298750053801,
                    103.13644782244684
                ],
                "_res_cost_and_mass/_extraf-cost_and_mass": [
                    294.69038309376987,
                    146.07514412981308
                ],
                "battery_dp/_extrar-batt_cost": [
                    419.7298750053801,
                    48.18412742759297
                ],
                "battery_dp/_extrar-batt_mass": [
                    270.7191946130848,
                    150.89783592657773
                ],
                "chassis_dp/_extraf-total_load": [
                    15.276574773018723,
                    62.15347558127607
                ],
                "_res_batt_cost": [
                    400.90784429974417,
                    122.21137560256821
                ],
                "_res_batt_cost/_extraf-batt_cost": [
                    294.6903830937699,
                    125.27734508803505
                ],
                "_fun_total_load": [
                    272.9895643937492,
                    143.43191396780833
                ],
                "_fun_total_load/_extrar-total_load": [
                    419.72987500538005,
                    146.49788345327516
                ],
                "battery_dp/_extraf-power": [
                    0.0,
                    40.68412742759296
                ],
                "chassis_dp/_extrar-power": [
                    389.17672545934266,
                    40.684127427592955
                ],
                "_fun_velocity/_extrar-velocity": [
                    240.16604506704738,
                    193.4137929104819
                ],
                "chassis_dp/_extraf-velocity": [
                    0.0,
                    20.74776401664323
                ]
            },
            "edges": {
                "(_fun_velocity:velocity)-(chassis_dp:velocity)": [
                    [
                        -4.384068804556968,
                        61.67047863151143
                    ],
                    [
                        5.615931195443032,
                        61.67047863151143
                    ],
                    [
                        5.934294643308121,
                        61.67047863151143
                    ],
                    [
                        5.934294643308121,
                        61.67047863151143
                    ],
                    [
                        61.93429464330812,
                        61.67047863151143
                    ],
                    [
                        71.93429464330812,
                        60.57050304557392
                    ]
                ],
                "(chassis_dp:power)-(battery_dp:power)": [
                    [
                        180.54035848608157,
                        53.07050304557392
                    ],
                    [
                        190.54035848608157,
                        53.07050304557392
                    ],
                    [
                        190.54035848608157,
                        53.07050304557392
                    ],
                    [
                        190.54035848608157,
                        41.52051525260517
                    ],
                    [
                        253.9540425710038,
                        41.52051525260517
                    ],
                    [
                        263.9540425710038,
                        41.52051525260517
                    ]
                ],
                "_fun_extra_payload/_extrar-extra_payload-edge-0": [
                    [
                        343.16008009236606,
                        110.57281123339654
                    ],
                    [
                        353.16008009236606,
                        110.57281123339654
                    ],
                    [
                        381.4449775488731,
                        110.57281123339654
                    ],
                    [
                        381.4449775488731,
                        110.57281123339655
                    ],
                    [
                        409.7298750053801,
                        110.57281123339655
                    ],
                    [
                        419.7298750053801,
                        110.57281123339655
                    ]
                ],
                "_res_cost_and_mass/_extraf-cost_and_mass-edge-0": [
                    [
                        313.1146251134232,
                        153.51150754076278
                    ],
                    [
                        323.1146251134232,
                        153.51150754076278
                    ],
                    [
                        358.3919465811607,
                        153.51150754076278
                    ],
                    [
                        358.3919465811607,
                        153.5115075407628
                    ],
                    [
                        393.6692680488982,
                        153.5115075407628
                    ],
                    [
                        403.6692680488982,
                        153.5115075407628
                    ]
                ],
                "battery_dp/_extrar-batt_cost-edge-0": [
                    [
                        363.65101446431436,
                        49.02051525260517
                    ],
                    [
                        373.65101446431436,
                        49.02051525260517
                    ],
                    [
                        391.69044473484723,
                        49.02051525260517
                    ],
                    [
                        391.69044473484723,
                        55.62049083854268
                    ],
                    [
                        409.7298750053801,
                        55.62049083854268
                    ],
                    [
                        419.7298750053801,
                        55.62049083854268
                    ]
                ],
                "battery_dp/_extrar-batt_mass-edge-0": [
                    [
                        200.2857636832251,
                        145.89783592657773
                    ],
                    [
                        210.2857636832251,
                        145.89783592657773
                    ],
                    [
                        235.50247914815498,
                        145.89783592657773
                    ],
                    [
                        235.50247914815498,
                        158.33419933752742
                    ],
                    [
                        260.7191946130848,
                        158.33419933752742
                    ],
                    [
                        270.7191946130848,
                        158.33419933752742
                    ]
                ],